Group,Count,Average_Check,T_stat,P_value
A (без промо),3778,130.13035997882477,-0.2736249095028108,0.7843803500893749
B (с промо),3801,130.7236253617469,-0.2736249095028108,0.7843803500893749
